variant,lattice,run_id,phase,kind,status,elapsed_s,message,Cell Size,Strut Thickness,Shell Thickness,resp_lattice_volume,resp_envelope_volume,resp_mass,resp_surface_area,resp_max_stress,resp_max_displacement,resp_min_thickness,out_Solve Time,porosity,mass_g,stiffness_N_mm,E_app_GPa,max_stress_MPa,max_stress_peak_MPa,sf_yield,sf_fatigue,pore_um,pore_estimated,strut_mm,surface_area_mm2,specific_surface_1_mm,lattice_volume_mm3,max_displacement_mm,cell_mm,relative_density,pred_E_app_GPa,pred_porosity,pred_pore_um,pred_sf_yield,pred_sf_fatigue,pred_mass_g,pred_max_stress_MPa,pred_D,d_modulus,d_porosity,d_pore_size,d_sf_fatigue,d_sf_yield,d_strut,d_mass,d_surface_area,D,feasible,modulus_dev,resp_pore_size
fusion_cage_diamond,diamond,screen_ff8427a1,screen,,cached,0.0,reused existing output,1.5,0.3,0.5,1605.7551,6000.0,7.113,17669.774,75.3773,0.0068525,0.3,109.8,0.7323741500000001,7.113,175118.56986501277,4.202845676760306,75.3773,125.62883333333333,7.561958308403193,4.6433077332300305,675.0,1.0,0.3,17669.774,11.004027949218408,1605.7551,0.0068525,1.5,0.26762584999999994,,,,,,,,,1.0,1.0,1.0,1.0,1.0,0.0,0.8516044704528012,0.5551565488902495,0.0,False,1.2028456767603064,
fusion_cage_diamond,diamond,screen_67b2dd89,screen,,cached,0.0,reused existing output,1.5,0.3,1.5,2422.7586,6000.0,10.732999999999999,15088.213,33.3134,0.0030285,0.3,109.9,0.5962069,10.732999999999999,396235.76027736504,9.509658246656759,33.3134,55.522333333333336,17.110231918687376,10.506282757088739,675.0,1.0,0.3,15088.213,6.227699697361511,2422.7586,0.0030285,1.5,0.4037931,,,,,,,,,0.6993561168895494,0.9810345,1.0,1.0,1.0,0.0,0.7213761511895626,0.49804040463337457,0.0,False,6.509658246656759,
fusion_cage_diamond,diamond,screen_c3241ff0,screen,,failed,0.0,cached: ntopcl exit code 2; see ntopcl.log,1.5,0.9,0.5,,,,,,,,,,,,,,,,,,,,,,,,,,,,,,,,,,,,,,,,,,,False,,
fusion_cage_diamond,diamond,screen_bf965670,screen,,failed,0.0,cached: ntopcl exit code 2; see ntopcl.log,1.5,0.9,1.5,,,,,,,,,,,,,,,,,,,,,,,,,,,,,,,,,,,,,,,,,,,False,,
fusion_cage_diamond,diamond,screen_1ec857f9,screen,,cached,0.0,reused existing output,4.0,0.3,0.5,674.5443,6000.0,2.988,4309.448,111.0853,0.0100987,0.3,42.0,0.88757595,2.988,118827.17577509976,2.8518522186023945,111.0853,185.14216666666667,5.131191975896001,3.1507319150238597,2300.0000000000005,1.0,0.3,4309.448,6.388680476582487,674.5443,0.0100987,4.0,0.11242405,,,,,,,,,1.0,0.08282700000000012,0.0,1.0,1.0,0.0,1.0,0.25956395699144236,0.0,False,0.14814778139760554,
fusion_cage_diamond,diamond,screen_1caa006a,screen,,cached,0.0,reused existing output,4.0,0.3,1.5,1662.9146,6000.0,7.367,3877.172,37.4835,0.0034076,0.3,41.9,0.7228475666666667,7.367,352154.0086864655,8.451696208475171,37.4835,62.4725,15.206690944015367,9.337441807728734,2300.0000000000005,1.0,0.3,3877.172,2.3315520833120353,1662.9146,0.0034076,4.0,0.2771524333333333,,,,,,,,,0.7698869194349885,1.0,0.0,1.0,1.0,0.0,0.8424669033000767,0.25,0.0,False,5.4516962084751714,
fusion_cage_diamond,diamond,screen_1dd3a361,screen,,cached,0.0,reused existing output,4.0,0.9,0.5,1849.6618,6000.0,8.193999999999999,8711.547,66.606,0.0060551,0.9,127.6,0.6917230333333333,8.193999999999999,198180.04657231094,4.756321117735462,66.606,111.01,8.5577875867039,5.254781851484852,1700.0000000000002,1.0,0.9,8711.547,4.709805327655034,1849.6618,0.0060551,4.0,0.3082769666666667,,,,,,,,,1.0,1.0,0.0,1.0,1.0,1.0,0.8127158480429777,0.3569588748403891,0.0,False,1.756321117735462,
fusion_cage_diamond,diamond,screen_bf65566c,screen,,cached,0.0,reused existing output,4.0,0.9,1.5,2620.4825,6000.0,11.609,7592.053,31.6241,0.0028749,0.9,127.6,0.5632529166666667,11.609,417405.8228112282,10.017739747469477,31.6241,52.70683333333333,18.024228357486855,11.067508640562103,1700.0000000000002,1.0,0.9,7592.053,2.8971966040605115,2620.4825,0.0028749,4.0,0.43674708333333334,,,,,,,,,0.6654840168353682,0.8162645833333334,0.0,1.0,1.0,1.0,0.6898623369148119,0.33219045728267654,0.0,False,7.017739747469477,
fusion_cage_diamond,diamond,screen_ad275d17,screen,,cached,0.0,reused existing output,2.75,0.6,1.0,2174.6796,6000.0,9.634,10806.377,43.9068,0.0039915,0.6,122.7,0.6375534,9.634,300638.8575723412,7.215332581736189,43.9068,73.178,12.982043783650825,7.971430393469805,1187.5,1.0,0.6,10806.377,4.969181207199442,2174.6796,0.0039915,2.75,0.36244659999999995,,,,,,,,,0.8523111612175874,1.0,0.0,1.0,1.0,1.0,0.7609123177283192,0.403306264064827,0.0,False,4.215332581736189,
fusion_cage_diamond,diamond,rsm_973dea26,rsm,,cached,0.0,reused existing output,1.5,0.6,1.0,3982.3478,6000.0,17.642000000000003,30608.607,29.6732,0.0019616,0.6,267.9,0.3362753666666667,17.642000000000003,611745.5138662317,14.681892332789559,29.6732,49.455333333333336,19.209252793766765,11.79515522424275,375.0000000000001,1.0,0.6,30608.607,7.686070764587663,3982.3478,0.0019616,1.5,0.6637246333333333,,,,,,,,,0.35454051114736274,0.0,0.37500000000000056,1.0,1.0,1.0,0.4728271297006906,0.8414237539431665,0.0,False,11.681892332789559,
fusion_cage_diamond,diamond,rsm_a74eb263,rsm,,cached,0.0,reused existing output,4.0,0.6,1.0,1604.2931,6000.0,7.106999999999999,6062.342,52.0442,0.0047313,0.6,76.9,0.7326178166666666,7.106999999999999,253630.08052755057,6.087121932661214,52.0442,86.74033333333333,10.952229066831656,6.725052935773824,2000.0,1.0,0.6,6062.342,3.7788244554564248,1604.2931,0.0047313,4.0,0.2673821833333334,,,,,,,,,0.9275252044892525,1.0,0.0,1.0,1.0,1.0,0.851820318495779,0.2983461304791153,0.0,False,3.087121932661214,
fusion_cage_diamond,diamond,rsm_b8b943bc,rsm,,cached,0.0,reused existing output,2.75,0.3,1.0,1331.7638,6000.0,5.8999999999999995,6213.558,54.9216,0.0049929,0.3,55.0,0.7780393666666667,5.8999999999999995,240341.28462416632,5.768190830979992,54.9216,91.536,10.378430344345395,6.372720386878751,1487.5,1.0,0.3,6213.558,4.665660682472373,1331.7638,0.0049929,2.75,0.22196063333333327,,,,,,,,,0.9487872779346671,0.8130708888888885,0.0,1.0,1.0,0.0,0.8952417498081351,0.3016917321789967,0.0,False,2.768190830979992,
fusion_cage_diamond,diamond,rsm_8f532dab,rsm,,cached,0.0,reused existing output,2.75,0.9,1.0,3365.5691,6000.0,14.909,14737.685,32.517,0.0025207,0.9,218.4,0.4390718166666666,14.909,476058.2377910898,11.425397706986155,32.517,54.19500000000001,17.529292370144844,10.763600578159116,887.5000000000001,1.0,0.9,14737.685,4.378957781612625,3365.5691,0.0025207,2.75,0.5609281833333334,,,,,,,,,0.5716401528675896,0.19535908333333302,0.5624999999999994,1.0,1.0,1.0,0.5711459132770529,0.49028509386827007,0.5070970488579492,True,8.425397706986155,
fusion_cage_diamond,diamond,rsm_25c19597,rsm,,cached,0.0,reused existing output,2.75,0.6,0.5,1811.561,6000.0,8.024999999999999,11407.519,67.0714,0.0060974,0.6,124.8,0.6980731666666666,8.024999999999999,196805.19565716534,4.723324695771969,67.0714,111.78566666666666,8.498406176104869,5.218319581818778,1187.5,1.0,0.6,11407.519,6.297065900623827,1811.561,0.0060974,2.75,0.30192683333333337,,,,,,,,,1.0,1.0,0.0,1.0,1.0,1.0,0.8187955679201843,0.4166063229016572,0.0,False,1.7233246957719688,
fusion_cage_diamond,diamond,rsm_4fe9a9c9,rsm,,cached,0.0,reused existing output,2.75,0.6,1.5,2581.7099,6000.0,11.437,9740.659,31.8624,0.0028966,0.6,124.1,0.5697150166666667,11.437,414278.80963888695,9.942691431333287,31.8624,53.104,17.889424525459475,10.984734357738274,1187.5,1.0,0.6,9740.659,3.7729486957461797,2581.7099,0.0028966,2.75,0.4302849833333333,,,,,,,,,0.6704872379111142,0.8485750833333335,0.0,1.0,1.0,1.0,0.6960499808135072,0.3797276219079505,0.0,False,6.942691431333287,
fusion_cage_diamond,diamond,lhs_ee6965f8,lhs,,cached,0.0,reused existing output,1.8253,0.3827,1.2128,2272.3132,6000.0,10.066,13786.603,38.4908,0.0034992,0.3827,116.9,0.6212811333333333,10.066,342935.5281207133,8.230452674897121,38.4908,64.15133333333334,14.808733515541375,9.09308198322716,803.7449999999999,1.0,0.3827,13786.603,6.067210717254998,2272.3132,0.0034992,1.8253,0.37871886666666665,,,,,,,,,0.784636488340192,1.0,0.9812750000000006,1.0,1.0,0.5513333333333332,0.7453712586339217,0.46924273356296753,0.8853734320814994,True,5.230452674897121,
fusion_cage_diamond,diamond,lhs_261f37a5,lhs,,cached,0.0,reused existing output,2.4875,0.826,1.4484,3647.8521,6000.0,16.16,15279.037,28.5529,0.0020977,0.826,222.0,0.39202465,16.16,572055.1079754016,13.729322591409638,28.5529,47.588166666666666,19.962945970461845,12.25794928010815,790.8749999999999,1.0,0.826,15279.037,4.188502324422638,3647.8521,0.0020977,2.4875,0.60797535,,,,,,,,,0.4180451605726908,0.0,1.0,1.0,1.0,1.0,0.5261415963161933,0.5022623196342884,0.0,False,10.729322591409638,
fusion_cage_diamond,diamond,lhs_f5a13a95,lhs,,cached,0.0,reused existing output,1.5237,0.604,0.9796,3988.0882,6000.0,17.666999999999998,30317.952,29.548,0.0019882,0.604,269.1,0.33531863333333334,17.666999999999998,603561.0099587567,14.485464239010163,29.548,49.24666666666667,19.290645728983346,11.845133342358197,386.4050000000001,1.0,0.604,30317.952,7.602126753365184,3988.0882,0.0019882,1.5237,0.6646813666666667,,,,,,,,,0.36763571739932244,0.0,0.43202500000000044,1.0,1.0,1.0,0.47192776285495014,0.8349931125951674,0.0,False,11.485464239010163,
fusion_cage_diamond,diamond,lhs_441a733c,lhs,,cached,0.0,reused existing output,3.3541,0.4557,0.6593,1193.846,6000.0,5.289000000000001,6737.044,77.8285,0.0070753,0.4557,69.1,0.8010256666666666,5.289000000000001,169604.11572654164,4.070498777437,77.8285,129.71416666666667,7.323795267800356,4.497067269701972,1724.4650000000001,1.0,0.4557,6737.044,5.6431432529823775,1193.846,0.0070753,3.3541,0.19897433333333336,,,,,,,,,1.0,0.6598288888888891,0.0,1.0,1.0,1.0,0.9172222755180353,0.313273678874215,0.0,False,1.0704987774369998,
fusion_cage_diamond,diamond,lhs_101ca8dd,lhs,,cached,0.0,reused existing output,2.7614,0.5823,1.0447,2139.6893,6000.0,9.479,10394.783,43.106,0.0039187,0.5823,117.1,0.6433851166666666,9.479,306224.00285809074,7.349376068594178,43.106,71.84333333333333,13.223217185542616,8.119519324455991,1212.61,1.0,0.5823,10394.783,4.858080563378992,2139.6893,0.0039187,2.7614,0.35661488333333335,,,,,,,,,0.8433749287603881,1.0,0.0,1.0,1.0,1.0,0.766488392171911,0.3941998891702325,0.0,False,4.349376068594178,
fusion_cage_diamond,diamond,lhs_7401a6a3,lhs,,cached,0.0,reused existing output,2.7396,0.3262,0.7696,1176.1431,6000.0,5.21,7072.509,69.657,0.0063325,0.3262,60.0,0.80397615,5.21,189498.61823924203,4.547966837741809,69.657,116.095,8.182953615573453,5.024620641141594,1454.54,1.0,0.3262,7072.509,6.0133065440761415,1176.1431,0.0063325,2.7396,0.19602385,,,,,,,,,1.0,0.640159,0.0,1.0,1.0,0.17466666666666664,0.9200642747505756,0.3206957259740637,0.0,False,1.547966837741809,
fusion_cage_diamond,diamond,lhs_c5d917f1,lhs,,cached,0.0,reused existing output,3.5234,0.8896,0.8859,2450.6061,6000.0,10.856,10073.94,41.2191,0.0037472,0.8896,151.4,0.5915656499999999,10.856,320239.1118701964,7.685738684884714,41.2191,68.6985,13.828540652270428,8.491209172446755,1400.6100000000001,1.0,0.8896,10073.94,4.110795284480847,2450.6061,0.0037472,3.5234,0.40843435000000006,,,,,,,,,0.820950754341019,0.9578282499999998,0.0,1.0,1.0,1.0,0.7169512663085187,0.3871013487631655,0.0,False,4.685738684884714,
fusion_cage_diamond,diamond,lhs_db5c0dc0,lhs,,cached,0.0,reused existing output,3.7623,0.5324,1.3851,1899.0339,6000.0,8.413,5741.097,38.9378,0.0035398,0.5324,72.4,0.68349435,8.413,339002.2035143228,8.136052884343746,38.9378,64.89633333333335,14.63873151539121,8.988694790152499,1913.0950000000003,1.0,0.5324,5741.097,3.023167200964659,1899.0339,0.0035398,3.7623,0.31650564999999997,,,,,,,,,0.7909298077104169,1.0,0.0,1.0,1.0,1.0,0.8048373944742901,0.29123869596108537,0.0,False,5.136052884343746,
fusion_cage_diamond,diamond,lhs_6ab4a643,lhs,,cached,0.0,reused existing output,2.1037,0.7467,0.5793,3442.5505,6000.0,15.25,21902.03,37.2333,0.0026027,0.7467,240.9,0.4262415833333334,15.25,461059.6688054713,11.065432051331312,37.2333,62.0555,15.308876731313099,9.400187466595762,620.7049999999999,1.0,0.7467,21902.03,6.362152131101635,3442.5505,0.0026027,2.1037,0.5737584166666666,,,,,,,,,0.5956378632445792,0.1312079166666669,1.0,1.0,1.0,1.0,0.5588785495011512,0.6487937491067172,0.5365798748108587,True,8.065432051331312,
fusion_cage_diamond,diamond,lhs_abc7ea44,lhs,,cached,0.0,reused existing output,3.1713,0.6974,1.1517,2327.6617,6000.0,10.312,9490.654,38.8146,0.0035286,0.6974,125.6,0.6120563833333333,10.312,340078.21799013775,8.161877231763306,38.8146,64.691,14.685195776846856,9.017225477011229,1363.9450000000002,1.0,0.6974,9490.654,4.077333918412628,2327.6617,0.0035286,3.1713,0.38794361666666666,,,,,,,,,0.7892081845491129,1.0,0.0,1.0,1.0,1.0,0.7365214888718342,0.3741963477505938,0.0,False,5.161877231763306,
fusion_cage_diamond,diamond,infill1_9525447c,infill1,exploit,cached,0.0,reused existing output,1.923,0.45,0.5,1983.0661,6000.0,8.785,16628.505,60.7671,0.0055243,0.45,137.3,0.6694889833333333,8.785,217222.0914867042,5.2133301956809,60.7671,101.2785,9.38007573176933,5.75969562477064,799.9500000000002,1.0,0.45,16628.505,8.385249992423349,1983.0661,0.0055243,1.923,0.3305110166666667,5.155625307785952,0.6631903187283489,799.9500000000002,8.82870552376513,5.421134970732975,8.952065488293178,64.56212617644485,0.9804297151777247,0.9857779869546067,1.0,1.0,1.0,1.0,1.0,0.7914548158096699,0.5321188324023525,0.9786387992542764,True,2.2133301956809,
fusion_cage_diamond,diamond,infill1_b3c2d15d,infill1,explore,cached,0.0,reused existing output,1.5584,0.5308,0.5024,3214.592,6000.0,14.241,27940.963,41.1258,0.002899,0.5308,227.0,0.4642346666666667,14.241,413935.83994480857,9.934460158675407,41.1258,68.54299999999999,13.859912755496552,8.510472744603145,482.16,1.0,0.5308,27940.963,8.69191580144541,3214.592,0.002899,1.5584,0.5357653333333333,7.51484775783677,0.4988007238738791,482.16,11.419920069896845,7.0122316218664835,13.321465848036878,49.9127836719744,0.7789453873447305,0.6710359894216396,0.32117333333333337,0.9108000000000002,1.0,1.0,1.0,0.5951769953952417,0.7824030530842727,0.6667162304166397,True,6.934460158675407,
fusion_cage_diamond,diamond,infill1_13132fc4,infill1,diversify,cached,0.0,reused existing output,1.5081,0.3437,0.8639,2165.7573,6000.0,9.594,19091.424,47.0202,0.0042746,0.3437,130.4,0.63904045,9.594,280728.0213353296,6.73747251204791,47.0202,78.367,12.122449500427475,7.443609342367748,636.565,1.0,0.3437,19091.424,8.81512623782914,2165.7573,0.0042746,1.5081,0.36095955,6.772258418006271,0.616442714065864,636.565,11.569403202932817,7.104019510572782,10.194764072183457,49.26788270768421,0.901065336129295,0.884168499196806,1.0,1.0,1.0,1.0,0.2913333333333334,0.7623513046815042,0.5866100634431832,0.9027057558997331,True,3.73747251204791,
fusion_cage_diamond,diamond,infill2_c634efae,infill2,exploit,failed,0.0,cached: ntopcl exit code 2; see ntopcl.log,1.5635,0.8717,0.985,,,,,,,,,,,,,,,,,,,,,,,,,,21.99571209968654,0.08966229305088469,144.57500000000002,24.274622100908296,14.905469711084042,24.196289349752423,23.481313020262096,0.0,,,,,,,,,,False,,
fusion_cage_diamond,diamond,infill2_4c02b1eb,infill2,explore,cached,0.0,reused existing output,2.1796,0.5108,0.8075,2204.24,6000.0,9.764999999999999,14071.568,47.4962,0.0043178,0.5108,136.7,0.6326266666666667,9.764999999999999,277919.31076010934,6.670063458242624,47.4962,79.16033333333334,12.000960076806143,7.369010573477457,905.94,1.0,0.5108,14071.568,6.383863826080645,2204.24,0.0043178,2.1796,0.36737333333333333,7.146807891968334,0.615950115384605,905.94,12.424385552473447,7.629008672571415,10.208019496430314,45.877520267915735,0.792871185354825,0.8886624361171584,1.0,0.4702999999999997,1.0,1.0,1.0,0.7561996354566385,0.4755474856289309,0.8010509674279133,True,3.670063458242624,
fusion_cage_diamond,diamond,verify_3884fea6,verify,optimum,cached,0.0,reused existing output,1.9226,0.4497,0.5,1970.934,6000.0,8.731,16795.029,61.117,0.0055561,0.4497,136.4,0.671511,8.731,215978.83407426073,5.183492017782258,61.117,101.86166666666666,9.326374003959618,5.726720879624327,799.9900000000002,1.0,0.4497,16795.029,8.521355357409227,1970.934,0.0055561,1.9226,0.32848900000000003,5.210277688197768,0.6696993860825518,799.9900000000002,9.374626694274367,5.756349724554436,8.779406725151148,60.80242110847276,0.9789185350420005,0.9877671988145162,1.0,1.0,1.0,1.0,0.9979999999999999,0.7933974481964696,0.535803118307753,0.979335556135881,True,2.1834920177822577,
fusion_cage_diamond,diamond,verify_bebb9cb6,verify,alt1,cached,0.0,reused existing output,1.6506,0.3847,0.5362,1973.5474,6000.0,8.743,19164.289,59.703,0.0054275,0.3847,134.6,0.6710754333333333,8.743,221096.26900046063,5.306310456011055,59.703,99.505,9.547258931711974,5.862351975612616,688.19,1.0,0.3847,19164.289,9.710579538145373,1973.5474,0.0054275,1.6506,0.3289245666666667,5.207930394876764,0.6721931945828729,688.19,9.201540279557944,5.650068592711019,8.712948604219282,61.94615060983938,0.958659938056708,0.9795793029325963,1.0,1.0,1.0,1.0,0.5646666666666665,0.7929657521105141,0.5882221763668279,0.9566641129310105,True,2.3063104560110554,
fusion_cage_diamond,diamond,verify_dcb2808c,verify,alt2,cached,0.0,reused existing output,1.7971,0.4295,0.6479,2125.9979,6000.0,9.418,17415.007,52.8382,0.0048035,0.4295,139.8,0.6456670166666667,9.418,249817.84115748934,5.995628187779744,52.8382,88.06366666666666,10.787649844241477,6.6239955183938894,738.615,1.0,0.4295,17415.007,8.191450706512928,2125.9979,0.0048035,1.7971,0.3543329833333333,6.054259748864892,0.642296295334721,738.615,10.770045210999843,6.613185655877096,9.507746830514868,52.92456891618598,0.9562447588917256,0.9336247874813505,1.0,1.0,1.0,1.0,0.8633333333333333,0.768682847275518,0.5495199171298955,0.9572237489205605,True,2.9956281877797437,
fusion_cage_gyroid,gyroid,screen_ff8427a1,screen,,cached,0.0,reused existing output,1.5,0.3,0.5,3204.7933,6000.0,14.197,24469.204,28.7303,0.0020851,0.3,226.3,0.46586778333333334,14.197,575511.9658529568,13.81228718047096,28.7303,47.883833333333335,19.8396814512901,12.182260540265851,525.0,0.0,0.3,24469.204,7.635189451999916,3204.7933,0.0020851,1.5,0.5341322166666667,,,,,,,,,0.4125141879686026,0.32933891666666665,1.0,1.0,1.0,0.0,0.5967598810437452,0.7055915859645325,0.0,False,10.81228718047096,0.525
fusion_cage_gyroid,gyroid,screen_67b2dd89,screen,,cached,0.0,reused existing output,1.5,0.3,1.5,3730.3962,6000.0,16.526,20711.329,23.564,0.0016248,0.3,226.9,0.3782673,16.526,738552.4372230428,17.725258493353028,23.564,39.27333333333333,24.189441520964184,14.853165846206076,525.0,0.0,0.3,20711.329,5.552045383275911,3730.3962,0.0016248,1.5,0.6217327,,,,,,,,,0.1516494337764648,0.0,1.0,1.0,1.0,0.0,0.512974865694551,0.622449901301918,0.0,False,14.725258493353028,0.525
fusion_cage_gyroid,gyroid,screen_c3241ff0,screen,,failed,0.0,cached: ntopcl exit code 2; see ntopcl.log,1.5,0.9,0.5,,,,,,,,,,,,,,,,,,,,,,,,,,,,,,,,,,,,,,,,,,,False,,
fusion_cage_gyroid,gyroid,screen_bf965670,screen,,failed,0.0,cached: ntopcl exit code 2; see ntopcl.log,1.5,0.9,1.5,,,,,,,,,,,,,,,,,,,,,,,,,,,,,,,,,,,,,,,,,,,False,,
fusion_cage_gyroid,gyroid,screen_1ec857f9,screen,,cached,0.0,reused existing output,4.0,0.3,0.5,1660.0037,6000.0,7.354,10538.969,72.3542,0.0045934,0.3,113.8,0.7233327166666667,7.354,261244.39413070926,6.269865459137022,72.3542,120.59033333333335,7.87791171763353,4.837314212581992,1900.0,0.0,0.3,10538.969,6.348762355168244,1660.0037,0.0045934,4.0,0.27666728333333335,,,,,,,,,0.9153423027241985,1.0,0.0,1.0,1.0,0.0,0.8429345740598619,0.3973899545515355,0.0,False,3.269865459137022,1.9
fusion_cage_gyroid,gyroid,screen_1caa006a,screen,,cached,0.0,reused existing output,4.0,0.3,1.5,2499.1116,6000.0,11.071,8843.411,40.8126,0.0025568,0.3,116.7,0.5834813999999999,11.071,469336.67083854816,11.264080100125156,40.8126,68.02100000000002,13.966275120918537,8.575782968985068,1900.0,0.0,0.3,8843.411,3.538621884672937,2499.1116,0.0025568,4.0,0.41651860000000007,,,,,,,,,0.5823946599916563,0.9174069999999998,0.0,1.0,1.0,0.0,0.7092167114351496,0.359876320233424,0.0,False,8.264080100125156,1.9
fusion_cage_gyroid,gyroid,screen_1dd3a361,screen,,cached,0.0,reused existing output,4.0,0.9,0.5,3431.7333,6000.0,15.203,10329.718,26.2105,0.0018917,0.9,242.9,0.42804445,15.203,634350.0555056299,15.224401332135116,26.2105,43.68416666666667,21.7470097861544,13.353427061673758,1300.0,0.0,0.9,10329.718,3.0100585030893865,3431.7333,0.0018917,4.0,0.57195555,,,,,,,,,0.3183732445243256,0.14022225000000002,0.0,1.0,1.0,1.0,0.5605693591711435,0.39276034854885133,0.0,False,12.224401332135116,1.3
fusion_cage_gyroid,gyroid,screen_bf65566c,screen,,cached,0.0,reused existing output,4.0,0.9,1.5,3919.6478,6000.0,17.364,8877.959,21.7316,0.001541,0.9,243.8,0.34672536666666665,17.364,778715.1200519144,18.689162881245945,21.7316,36.21933333333333,26.22908575530564,16.105578972556092,1300.0,0.0,0.9,8877.959,2.2649889615082253,3919.6478,0.001541,4.0,0.6532746333333334,,,,,,,,,0.08738914125027032,0.0,0.0,1.0,1.0,1.0,0.48282808902532615,0.3606406827845264,0.0,False,15.689162881245945,1.3
fusion_cage_gyroid,gyroid,screen_ad275d17,screen,,cached,0.0,reused existing output,2.75,0.6,1.0,3599.5759,6000.0,15.945999999999998,13350.978,23.7004,0.0017442,0.6,237.2,0.4000706833333334,15.945999999999998,687994.4960440317,16.511867905056757,23.7004,39.50066666666666,24.050227000388183,14.767683245852393,912.5,0.0,0.6,13350.978,3.7090419457469976,3599.5759,0.0017442,2.75,0.5999293166666666,,,,,,,,,0.23254213966288287,0.0003534166666668837,0.4375,1.0,1.0,1.0,0.533840176515733,0.4596046811048226,0.09107197013622122,True,13.511867905056757,0.9125
fusion_cage_gyroid,gyroid,rsm_973dea26,rsm,,cached,0.0,reused existing output,1.5,0.6,1.0,5213.9501,6000.0,23.098,22220.027,15.9336,0.0010612,0.6,366.9,0.13100831666666668,23.098,1130795.3260459858,27.13908782510366,15.9336,26.556,35.77345985841241,21.96615956218306,225.0,0.0,0.6,22220.027,4.261649339528585,5213.9501,0.0010612,1.5,0.8689916833333333,,,,,,,,,0.0,0.0,0.0,1.0,1.0,1.0,0.2765493092862625,0.6558293227481121,0.0,False,24.13908782510366,0.225
fusion_cage_gyroid,gyroid,rsm_a74eb263,rsm,,cached,0.0,reused existing output,4.0,0.6,1.0,2990.046,6000.0,13.246,9693.736,29.8228,0.0022296,0.6,188.2,0.5016590000000001,13.246,538213.1324004306,12.917115177610334,29.8228,49.70466666666667,19.11289349088617,11.735987231245891,1600.0,0.0,0.6,9693.736,3.242002296954629,2990.046,0.0022296,4.0,0.4983409999999999,,,,,,,,,0.4721923214926444,0.5082950000000004,0.0,1.0,1.0,1.0,0.6309717958557175,0.37868946676191084,0.0,False,9.917115177610334,1.6
fusion_cage_gyroid,gyroid,rsm_b8b943bc,rsm,,cached,0.0,reused existing output,2.75,0.3,1.0,2503.5153,6000.0,11.091,13297.333,38.9138,0.0027464,0.3,149.2,0.5827474500000001,11.091,436935.6248179435,10.486454995630643,38.9138,64.85633333333334,14.647759920645116,8.994238547764546,1212.5,0.0,0.3,13297.333,5.311464643335713,2503.5153,0.0027464,2.75,0.41725254999999994,,,,,,,,,0.6342363336246238,0.9137372500000004,0.0,1.0,1.0,0.0,0.7084972179585571,0.4584178040336785,0.0,False,7.486454995630643,1.2125
fusion_cage_gyroid,gyroid,rsm_8f532dab,rsm,,cached,0.0,reused existing output,2.75,0.9,1.0,4469.3394,6000.0,19.799,13482.321,18.8943,0.0012839,0.9,307.1,0.2551101,19.799,934652.2314822028,22.431653555572865,18.8943,31.490500000000004,30.167828392689856,18.52410515340605,612.5,0.0,0.9,13482.321,3.0166250072661747,4469.3394,0.0012839,2.75,0.7448899,,,,,,,,,0.0,0.0,1.0,1.0,1.0,1.0,0.3952297582501918,0.46251059955305246,0.0,False,19.431653555572865,0.6125
fusion_cage_gyroid,gyroid,rsm_25c19597,rsm,,cached,0.0,reused existing output,2.75,0.6,0.5,3295.6389,6000.0,14.6,14244.337,27.8529,0.0019875,0.6,233.0,0.45072685,14.6,603773.5849056604,14.49056603773585,27.8529,46.4215,20.464655385974172,12.56601646507186,912.5,0.0,0.6,14244.337,4.3221777118846365,3295.6389,0.0019875,2.75,0.54927315,,,,,,,,,0.3672955974842767,0.25363425,0.4375,1.0,1.0,1.0,0.5822620874904068,0.4793699399994129,0.4450014370276056,True,11.49056603773585,0.9125
fusion_cage_gyroid,gyroid,rsm_4fe9a9c9,rsm,,cached,0.0,reused existing output,2.75,0.6,1.5,3787.6756,6000.0,16.779,12324.923,22.2585,0.0016155,0.6,232.0,0.36872073333333333,16.779,742804.0854224699,17.827298050139277,22.2585,37.0975,25.608194622279132,15.724330031224026,912.5,0.0,0.6,12324.923,3.2539542193106508,3787.6756,0.0016155,2.75,0.6312792666666667,,,,,,,,,0.14484679665738157,0.0,0.4375,1.0,1.0,1.0,0.5038732732156561,0.436903569104956,0.0,False,14.827298050139277,0.9125
fusion_cage_gyroid,gyroid,lhs_57719be7,lhs,,cached,0.0,reused existing output,3.1448,0.7095,1.4038,3859.3525,6000.0,17.097,11114.362,22.5999,0.0015619,0.7095,242.6,0.35677458333333334,17.097,768295.0252897113,18.43908060695307,22.5999,37.6665,25.22135053694928,15.48679418935482,1020.1,0.0,0.7095,11114.362,2.8798514776766306,3859.3525,0.0015619,3.1448,0.6432254166666667,,,,,,,,,0.10406129286979535,0.0,0.0,1.0,1.0,1.0,0.49243332693783565,0.41012032566900897,0.0,False,15.43908060695307,1.0201
fusion_cage_gyroid,gyroid,lhs_6827a898,lhs,,cached,0.0,reused existing output,2.2147,0.6405,1.0853,4073.2321,6000.0,18.044,15913.496,19.8118,0.0015039,0.6405,272.5,0.32112798333333326,18.044,797925.3939756632,19.15020945541592,19.8118,33.01966666666667,28.770732593706775,17.666239311925214,577.6,0.0,0.6405,15913.496,3.9068473412060163,4073.2321,0.0015039,2.2147,0.6788720166666667,,,,,,,,,0.056652702972272095,0.0,1.0,1.0,1.0,1.0,0.4583653108211818,0.5162995055729791,0.0,False,16.15020945541592,0.5776
fusion_cage_gyroid,gyroid,lhs_168973d7,lhs,,cached,0.0,reused existing output,2.722,0.8562,1.2295,4379.1765,6000.0,19.400000000000002,12931.655,18.9989,0.0013226,0.8562,293.4,0.2701372500000001,19.400000000000002,907303.7955542115,21.775291093301075,18.9989,31.66483333333333,30.001736942665104,18.422119175320677,640.9,0.0,0.8562,12931.655,2.9529878505696225,4379.1765,0.0013226,2.722,0.7298627499999999,,,,,,,,,0.0,0.0,1.0,1.0,1.0,1.0,0.40958365310821165,0.4503273047584084,0.0,False,18.775291093301075,0.6409
fusion_cage_gyroid,gyroid,lhs_e62ca71d,lhs,,cached,0.0,reused existing output,1.7351,0.3851,1.3069,3782.1462,6000.0,16.755,18295.369,22.3149,0.0016035,0.3851,239.9,0.3696423,16.755,748362.9560336763,17.96071094480823,22.3149,37.191500000000005,25.543470954384734,15.684587428130978,569.2,0.0,0.3851,18295.369,4.837298198573074,3782.1462,0.0016035,1.7351,0.6303577,,,,,,,,,0.1359526036794513,0.0,1.0,1.0,1.0,0.5673333333333334,0.5047366653875671,0.5689976218946757,0.0,False,14.96071094480823,0.5692
fusion_cage_gyroid,gyroid,lhs_b3dd5154,lhs,,cached,0.0,reused existing output,1.9085,0.7737,0.679,5218.2448,6000.0,23.116999999999997,19414.725,14.9086,0.0010881,0.7737,371.1,0.13029253333333324,23.116999999999997,1102839.8125172318,26.468155500413562,14.9086,24.84766666666667,38.2329662074239,23.476382758944503,276.0,0.0,0.7737,19414.725,3.7205469931192185,5218.2448,0.0010881,1.9085,0.8697074666666668,,,,,,,,,0.0,0.0,0.0,1.0,1.0,1.0,0.2758657904834997,0.5937629862501175,0.0,False,23.468155500413562,0.276
fusion_cage_gyroid,gyroid,lhs_2feb32b2,lhs,,cached,0.0,reused existing output,3.9575,0.5604,1.1341,2959.4331,6000.0,13.11,9726.078,31.6854,0.0022253,0.5604,178.9,0.50676115,13.11,539253.1344088438,12.942075225812252,31.6854,52.809000000000005,17.989357874604707,11.04609694054675,1616.2,0.0,0.5604,9726.078,3.2864665871311636,2959.4331,0.0022253,3.9575,0.49323885,,,,,,,,,0.47052831827918323,0.53380575,0.0,1.0,1.0,1.0,0.6358643514965464,0.3794050223259885,0.0,False,9.942075225812252,1.6162
fusion_cage_gyroid,gyroid,lhs_068f6878,lhs,,cached,0.0,reused existing output,2.4991,0.5172,0.5648,3309.6884,6000.0,14.661999999999999,15480.105,28.5314,0.0019503,0.5172,231.6,0.44838526666666667,14.661999999999999,615289.9553914783,14.766958929395479,28.5314,47.55233333333334,19.977989162817106,12.267186328045591,857.3,0.0,0.5172,15480.105,4.677209189843975,3309.6884,0.0019503,2.4991,0.5516147333333333,,,,,,,,,0.3488694047069681,0.2419263333333333,0.7135000000000002,1.0,1.0,1.0,0.58003165771297,0.5067108795921748,0.4834149423855079,True,11.766958929395479,0.8573
fusion_cage_gyroid,gyroid,lhs_c97b2a76,lhs,,cached,0.0,reused existing output,3.5326,0.8068,0.8949,3618.3,6000.0,16.029,10913.964,23.7536,0.0017318,0.8068,242.7,0.39695,16.029,692920.6605843632,16.630095854024717,23.7536,39.58933333333333,23.996362656607843,14.734608648794289,1136.1000000000001,0.0,0.8068,10913.964,3.016323687919741,3618.3,0.0017318,3.5326,0.60305,,,,,,,,,0.22466027639835223,0.0,0.0,1.0,1.0,1.0,0.530854278587874,0.4056865892293939,0.0,False,13.630095854024717,1.1361
fusion_cage_gyroid,gyroid,lhs_8a39aeb3,lhs,,cached,0.0,reused existing output,3.3565,0.4344,0.7226,2529.244,6000.0,11.205,11918.598,40.1185,0.0027079,0.4344,166.2,0.5784593333333333,11.205,443147.82672919973,10.635547841500793,40.1185,66.86416666666666,14.207909069381957,8.724154691725763,1411.7,0.0,0.4344,11918.598,4.712316407590568,2529.244,0.0027079,3.3565,0.4215406666666667,,,,,,,,,0.6242968105666138,0.8922966666666667,0.0,1.0,1.0,0.896,0.70439610514198,0.42791376901300593,0.0,False,7.635547841500793,1.4117
fusion_cage_gyroid,gyroid,lhs_b1730703,lhs,,cached,0.0,reused existing output,2.8913,0.3189,0.9084,2441.632,6000.0,10.815999999999999,12791.346,41.0512,0.0028023,0.3189,149.5,0.5930613333333333,10.815999999999999,428219.6766941441,10.277272240659459,41.0512,68.41866666666668,13.885099582959812,8.525938340413921,1271.3000000000002,0.0,0.3189,12791.346,5.238850899726084,2441.632,0.0028023,2.8913,0.40693866666666667,,,,,,,,,0.6481818506227027,0.9653066666666668,0.0,1.0,1.0,0.12600000000000017,0.7183902532617037,0.447223016661192,0.0,False,7.2772722406594585,1.2713
fusion_cage_gyroid,gyroid,infill1_60cd5818,infill1,exploit,cached,0.0,reused existing output,2.0498,0.3274,0.5,2770.403,6000.0,12.273,18781.43,34.3,0.0024537,0.3274,194.7,0.5382661666666667,12.273,489057.34197334637,11.737376207360311,34.3,57.166666666666664,16.61807580174927,10.204081632653063,800.0,0.0,0.3274,18781.43,6.779313334558186,2770.403,0.0024537,2.0498,0.4617338333333333,11.67490304238817,0.5351143418793207,800.0000056977923,16.237887704858423,9.970632801228858,12.356664794492382,35.103087936090006,0.7066704199318191,0.5508415861759792,0.6913308333333336,1.0,1.0,1.0,0.18266666666666687,0.6659751534919416,0.5797515534088413,0.7067068340195058,True,8.737376207360311,0.8
fusion_cage_gyroid,gyroid,infill1_3ededb04,infill1,explore,cached,0.0,reused existing output,2.2086,0.3137,0.658,2629.6556,6000.0,11.649,16691.765,37.2686,0.0026565,0.3137,177.0,0.5617240666666666,11.649,451722.19085262564,10.841332580463014,37.2686,62.11433333333333,15.294376499251381,9.391283815329794,901.0,0.0,0.3137,16691.765,6.347509917268253,2629.6556,0.0026565,2.2086,0.43827593333333337,11.270868324065345,0.5563411139095098,900.9632825821636,15.701624493590952,9.641348373257602,11.792440690613684,36.301976284852636,0.616433067022268,0.6105778279691324,0.8086203333333333,0.495,1.0,1.0,0.09133333333333325,0.688423349961627,0.5335184380230176,0.6280070948923472,True,7.841332580463014,0.901
fusion_cage_gyroid,gyroid,infill1_3cabd755,infill1,diversify,cached,0.0,reused existing output,2.0596,0.4239,0.9774,3478.6794,6000.0,15.411,16812.821,25.4808,0.001808,0.4239,228.4,0.4202201,15.411,663716.814159292,15.929203539823009,25.4808,42.467999999999996,22.36978430818499,13.73583246993815,708.9,0.0,0.4239,16812.821,4.833104482120428,3478.6794,0.001808,2.0596,0.5797799,15.889218115395977,0.4141878549792163,708.865906216116,22.711742055032722,13.945806525020092,15.570848345591239,25.097150126962323,0.3679610867372842,0.2713864306784661,0.10110049999999984,1.0,1.0,1.0,0.826,0.5530866270145818,0.5361967601541469,0.3955885513337164,True,12.929203539823009,0.7089
fusion_cage_gyroid,gyroid,infill2_520be93a,infill2,exploit,cached,0.0,reused existing output,2.2125,0.3347,1.4913,3294.3671,6000.0,14.594,14316.269,27.6263,0.0019156,0.3347,188.4,0.4509388166666667,14.594,626435.5815410316,15.034453956984759,27.6263,46.04383333333333,20.632513221097287,12.669087065586053,882.1999999999999,0.0,0.3347,14316.269,4.345681147677804,3294.3671,0.0019156,2.2125,0.5490611833333333,14.943313614989268,0.4705990318896688,882.120242833707,20.42866239954373,12.54391550849176,14.071594692608567,27.901973651134934,0.4715619954982924,0.3310364028676827,0.2546940833333334,0.5890000000000003,1.0,1.0,0.23133333333333336,0.5824779355333844,0.4809614106207485,0.4347399612556901,True,12.034453956984759,0.8822
fusion_cage_gyroid,gyroid,infill2_8c242c86,infill2,explore,cached,0.0,reused existing output,2.508,0.4889,1.2443,3474.9351,6000.0,15.394,13579.992,25.8325,0.0018129,0.4889,216.5,0.42084415,15.394,661922.8859837828,15.886149263610786,25.8325,43.05416666666667,22.06522791057776,13.548824155617924,890.5,0.0,0.4889,13579.992,3.9079843534343994,3474.9351,0.0018129,2.508,0.57915585,16.09299994053836,0.42128813078035443,890.4713877236294,22.758236948995044,13.974356021312746,15.382145165273617,25.045876852300285,0.3484847155158111,0.2742567157592809,0.10422074999999978,0.5475,1.0,1.0,1.0,0.5536981964696853,0.4646715366472034,0.3516009135202176,True,12.886149263610786,0.8905
fusion_cage_gyroid,gyroid,verify_882074c3,verify,optimum,cached,0.0,reused existing output,2.0513,0.3282,0.5,2722.1711,6000.0,12.059000000000001,18445.193,35.49,0.0025177,0.3282,191.2,0.5463048166666666,12.059000000000001,476625.49152003817,11.439011796480916,35.49,59.15,16.06086221470837,9.861932938856015,800.0,0.0,0.3282,18445.193,6.775912432543274,2722.1711,0.0025177,2.0513,0.45369518333333336,11.62470513921602,0.5378301861886332,800.0000443485408,16.27794440101278,9.995229018165741,12.284587857450951,35.01670640701634,0.7117862159973747,0.5707325469012723,0.7315240833333332,1.0,1.0,1.0,0.188,0.6736737336914811,0.5723124260759993,0.724015826912555,True,8.439011796480916,0.8
fusion_cage_gyroid,gyroid,verify_82c18518,verify,alt1,cached,0.0,reused existing output,2.1158,0.3444,0.6395,2836.6735,6000.0,12.566,17447.25,33.095,0.0024386,0.3444,193.4,0.5272210833333333,12.566,492085.62289838435,11.810054949561223,33.095,55.15833333333333,17.223145490255327,10.575615651911166,819.3000000000001,0.0,0.3444,17447.25,6.150602104895047,2836.6735,0.0024386,2.1158,0.4727789166666667,12.25034039809732,0.5246047980740873,819.2366943059316,17.270604400664933,10.60475708812759,12.635784769557757,33.00405630147226,0.6765422048490524,0.5459963366959184,0.6361054166666664,0.9034999999999996,1.0,1.0,0.29599999999999993,0.6554345740598618,0.5502332823532137,0.6890182200215993,True,8.810054949561223,0.8193
fusion_cage_gyroid,gyroid,verify_63644003,verify,alt2,cached,0.0,reused existing output,2.0735,0.3397,0.7821,2943.5542,6000.0,13.04,17820.254,31.7564,0.002279,0.3397,195.0,0.5094076333333333,13.04,526546.7310223782,12.637121544537075,31.7564,52.92733333333333,17.949137811590735,11.02140041062589,800.6999999999999,0.0,0.3397,17820.254,6.0539921432396255,2943.5542,0.002279,2.0735,0.4905923666666667,12.900907461402227,0.5069651065366223,800.656782987681,18.25356516051828,11.208329484528768,13.10476658261632,31.226776522149592,0.6477384988405804,0.4908585636975283,0.5470381666666664,0.9965000000000004,1.0,1.0,0.2646666666666667,0.6383825786646201,0.5584858668446866,0.6565467119502096,True,9.637121544537075,0.8007
fusion_cage_kelvin,kelvin,screen_ff8427a1,screen,,cached,0.0,reused existing output,1.5,0.3,0.5,1859.1599,6000.0,8.236,21428.8,75.1017,0.0059026,0.3,128.3,0.6901400166666667,8.236,203300.24057195135,4.879205773726833,75.1017,125.1695,7.589708355469983,4.660347235814902,599.9999999999999,1.0,0.3,21428.8,11.52606615493374,1859.1599,0.0059026,1.5,0.3098599833333333,,,,,,,,,1.0,1.0,1.0,1.0,1.0,0.0,0.8112049117421335,0.6383236990297749,0.0,False,1.8792057737268326,
fusion_cage_kelvin,kelvin,screen_67b2dd89,screen,,cached,0.0,reused existing output,1.5,0.3,1.5,2610.7755,6000.0,11.566,18256.884,36.4419,0.0028591,0.3,126.7,0.56487075,11.566,419712.4969395964,10.073099926550315,36.4419,60.73649999999999,15.64133593473447,9.604329082731692,599.9999999999999,1.0,0.3,18256.884,6.99289693809368,2610.7755,0.0028591,1.5,0.43512925,,,,,,,,,0.661793338229979,0.82435375,1.0,1.0,1.0,0.0,0.6914092478894858,0.5681461545802384,0.0,False,7.073099926550315,
fusion_cage_kelvin,kelvin,screen_c3241ff0,screen,,failed,0.0,cached: ntopcl exit code 2; see ntopcl.log,1.5,0.9,0.5,,,,,,,,,,,,,,,,,,,,,,,,,,,,,,,,,,,,,,,,,,,False,,
fusion_cage_kelvin,kelvin,screen_bf965670,screen,,failed,0.0,cached: ntopcl exit code 2; see ntopcl.log,1.5,0.9,1.5,,,,,,,,,,,,,,,,,,,,,,,,,,,,,,,,,,,,,,,,,,,False,,
fusion_cage_kelvin,kelvin,screen_1ec857f9,screen,,cached,0.0,reused existing output,4.0,0.3,0.5,710.4042,6000.0,3.1470000000000002,4747.187,111.1121,0.0101011,0.3,44.6,0.8815993,3.1470000000000002,118798.94268941006,2.8511746245458416,111.1121,185.1868333333333,5.129954343406344,3.1499719652495095,2100.0,1.0,0.3,4747.187,6.682374625600469,710.4042,0.0101011,4.0,0.11840070000000003,,,,,,,,,1.0,0.12267133333333363,0.0,1.0,1.0,0.0,0.9942800268610898,0.2692487809684315,0.0,False,0.14882537545415842,
fusion_cage_kelvin,kelvin,screen_1caa006a,screen,,cached,0.0,reused existing output,4.0,0.3,1.5,1697.2764,6000.0,7.518999999999999,4221.051,37.4676,0.0034061,0.3,45.0,0.7171206,7.518999999999999,352309.09251049586,8.4554182202519,37.4676,62.446,15.21314415655126,9.341404306654283,2100.0,1.0,0.3,4221.051,2.4869555718797485,1697.2764,0.0034061,4.0,0.2828794,,,,,,,,,0.76963878531654,1.0,0.0,1.0,1.0,0.0,0.8369987528779739,0.2576082039397519,0.0,False,5.4554182202519,
fusion_cage_kelvin,kelvin,screen_1dd3a361,screen,,cached,0.0,reused existing output,4.0,0.9,0.5,2132.8784,6000.0,9.449000000000002,10438.338,69.4258,0.0049387,0.9,148.2,0.6445202666666667,9.449000000000002,242978.92157855307,5.831494117885274,69.4258,115.70966666666665,8.210204275643926,5.041353502588375,1500.0,1.0,0.9,10438.338,4.894014586110488,2132.8784,0.0049387,4.0,0.35547973333333327,,,,,,,,,0.9445670588076484,1.0,0.0,1.0,1.0,1.0,0.7675676323867996,0.395163528481141,0.0,False,2.831494117885274,
fusion_cage_kelvin,kelvin,screen_bf65566c,screen,,cached,0.0,reused existing output,4.0,0.9,1.5,2840.6816,6000.0,12.584,8686.113,37.3206,0.0026597,0.9,147.3,0.5265530666666667,12.584,451178.704365154,10.828288904763694,37.3206,62.201,15.273066349415604,9.378198635606074,1500.0,1.0,0.9,8686.113,3.0577566313662183,2840.6816,0.0026597,4.0,0.4734469333333333,,,,,,,,,0.6114474063490871,0.6327653333333334,0.0,1.0,1.0,1.0,0.6547870299309286,0.35639615638708527,0.0,False,7.828288904763694,
fusion_cage_kelvin,kelvin,screen_ad275d17,screen,,cached,0.0,reused existing output,2.75,0.6,1.0,2418.5566,6000.0,10.714,12772.259,48.4033,0.0035308,0.6,142.3,0.5969072333333334,10.714,339866.31924776256,8.1567916619463,48.4033,80.67216666666667,11.776056591182833,7.23091194195437,1049.9999999999998,1.0,0.6,12772.259,5.280942773884226,2418.5566,0.0035308,2.75,0.4030927666666666,,,,,,,,,0.7895472225369133,0.9845361666666671,0.0,1.0,1.0,1.0,0.7220596699923254,0.4468007233876916,0.0,False,5.156791661946301,
fusion_cage_kelvin,kelvin,rsm_973dea26,rsm,,cached,0.0,reused existing output,1.5,0.6,1.0,4660.0781,6000.0,20.644,37776.007,33.5242,0.0012947,0.6,322.4,0.22332031666666674,20.644,926855.6422337221,22.244535413609334,33.5242,55.873666666666665,17.00264286694388,10.440219304263785,299.99999999999994,1.0,0.6,37776.007,8.106303411524369,4660.0781,0.0012947,1.5,0.7766796833333333,,,,,,,,,0.0,0.0,0.0,1.0,1.0,1.0,0.3648311588641596,1.0,0.0,False,19.244535413609334,
fusion_cage_kelvin,kelvin,rsm_a74eb263,rsm,,cached,0.0,reused existing output,4.0,0.6,1.0,1718.136,6000.0,7.611,6914.543,50.8391,0.0046217,0.6,86.1,0.713644,7.611,259644.71947551766,6.231473267412424,50.8391,84.73183333333333,11.211842853236979,6.884464909882354,1799.9999999999998,1.0,0.6,6914.543,4.024444514287577,1718.136,0.0046217,4.0,0.28635600000000005,,,,,,,,,0.9179017821725051,1.0,0.0,1.0,1.0,1.0,0.8336890828856485,0.31720078285876196,0.0,False,3.231473267412424,
fusion_cage_kelvin,kelvin,rsm_b8b943bc,rsm,,cached,0.0,reused existing output,2.75,0.3,1.0,1397.4552,6000.0,6.191000000000001,7202.402,54.6587,0.004969,0.3,60.3,0.7670908,6.191000000000001,241497.28315556448,5.795934795733547,54.6587,91.09783333333334,10.42834900939832,6.403372198753354,1349.9999999999998,1.0,0.3,7202.402,5.153941249780314,1397.4552,0.004969,2.75,0.23290920000000004,,,,,,,,,0.9469376802844301,0.8860613333333336,0.0,1.0,1.0,0.0,0.8847731197237143,0.32356956367379586,0.0,False,2.7959347957335474,
fusion_cage_kelvin,kelvin,rsm_8f532dab,rsm,,cached,0.0,reused existing output,2.75,0.9,1.0,3641.6849,6000.0,16.133000000000003,18130.494,40.7795,0.001997,0.9,240.6,0.39305251666666663,16.133000000000003,600901.3520280421,14.42163244867301,40.7795,67.96583333333334,13.977611299795239,8.582743780576026,749.9999999999999,1.0,0.9,18130.494,4.978600427510902,3641.6849,0.001997,2.75,0.6069474833333334,,,,,,,,,0.37189117008846595,0.0,1.0,1.0,1.0,1.0,0.5271129125095931,0.5653498195439459,0.0,False,11.42163244867301,
fusion_cage_kelvin,kelvin,rsm_25c19597,rsm,,cached,0.0,reused existing output,2.75,0.6,0.5,2082.1676,6000.0,9.224,13474.553,70.6858,0.0051212,0.6,144.5,0.6529720666666666,9.224,234320.08123096148,5.623681949543076,70.6858,117.80966666666667,8.063854409230707,4.951489549527627,1049.9999999999998,1.0,0.6,13474.553,6.471406528465815,2082.1676,0.0051212,2.75,0.34702793333333337,,,,,,,,,0.9584212033637949,1.0,0.0,1.0,1.0,1.0,0.7756619339984651,0.46233873523972135,0.0,False,2.6236819495430757,
fusion_cage_kelvin,kelvin,rsm_4fe9a9c9,rsm,,cached,0.0,reused existing output,2.75,0.6,1.5,2806.3516,6000.0,12.432,11357.991,38.1647,0.0026611,0.6,144.2,0.5322747333333333,12.432,450941.3400473488,10.822592161136372,38.1647,63.60783333333334,14.93526740679214,9.170778232240787,1049.9999999999998,1.0,0.6,11357.991,4.047244472146684,2806.3516,0.0026611,2.75,0.4677252666666667,,,,,,,,,0.6118271892575752,0.6613736666666665,0.0,1.0,1.0,1.0,0.6602551803530314,0.41551053303159236,0.0,False,7.822592161136372,
fusion_cage_kelvin,kelvin,lhs_254db115,lhs,,cached,0.0,reused existing output,3.4557,0.6033,1.4507,2339.1581,6000.0,10.362,8265.796,34.4042,0.0031277,0.6033,106.1,0.6101403166666666,10.362,383668.51040700835,9.208044249768202,34.4042,57.34033333333334,16.567744635829346,10.173176530772405,1470.1200000000001,1.0,0.6033,8265.796,3.533662816549253,2339.1581,0.0031277,3.4557,0.38985968333333343,,,,,,,,,0.7194637166821198,1.0,0.0,1.0,1.0,1.0,0.734722755180353,0.3470967881344595,0.0,False,6.208044249768202,
fusion_cage_kelvin,kelvin,lhs_00b5db6c,lhs,,cached,0.0,reused existing output,3.0566,0.3094,0.7688,1134.1936,6000.0,5.024,6745.947,70.9545,0.0064504,0.3094,56.8,0.8109677333333334,5.024,186034.97457522014,4.464839389805284,70.9545,118.2575,8.033317125763695,4.932738585995251,1524.5599999999997,1.0,0.3094,6745.947,5.947791452887761,1134.1936,0.0064504,3.0566,0.18903226666666662,,,,,,,,,1.0,0.5935484444444442,0.0,1.0,1.0,0.06266666666666679,0.9267555640828856,0.3134706546699909,0.0,False,1.4648393898052836,
fusion_cage_kelvin,kelvin,lhs_070c87e2,lhs,,cached,0.0,reused existing output,2.5228,0.5356,0.5886,2057.318,6000.0,9.114,14113.258,68.344,0.0050052,0.5356,137.9,0.6571136666666666,9.114,239750.65931431315,5.754015823543515,68.344,113.90666666666667,8.340161535760272,5.121151820203676,978.0800000000002,1.0,0.5356,14113.258,6.860027472661008,2057.318,0.0050052,2.5228,0.3428863333333334,,,,,,,,,0.9497322784304323,1.0,0.10959999999999923,1.0,1.0,1.0,0.7796191481197237,0.4764698624598751,0.5935222987769702,True,2.754015823543515,
fusion_cage_kelvin,kelvin,lhs_d5406d00,lhs,,cached,0.0,reused existing output,2.0254,0.4,1.3666,2479.7106,6000.0,10.985,13942.503,38.2209,0.0030922,0.4,124.3,0.5867149,10.985,388073.21648017596,9.313757195524223,38.2209,63.7015,14.913306594036246,9.157293522653836,815.2399999999999,1.0,0.4,13942.503,5.622633141141551,2479.7106,0.0030922,2.0254,0.41328509999999996,,,,,,,,,0.7124161869650518,0.9335745000000003,0.9238000000000005,1.0,1.0,0.6666666666666667,0.7123105333844972,0.47269196714282363,0.8417465818526725,True,6.313757195524223,
fusion_cage_kelvin,kelvin,lhs_27ad932e,lhs,,cached,0.0,reused existing output,1.851,0.8138,0.8428,5380.4965,6000.0,23.836,35045.945,29.282,0.0009444,0.8138,381.8,0.10325058333333326,23.836,1270648.0304955528,30.49555273189327,29.282,48.803333333333335,19.465883477904516,11.952735468888736,296.80000000000007,1.0,0.8138,35045.945,6.513515063154488,5380.4965,0.0009444,1.851,0.8967494166666667,,,,,,,,,0.0,0.0,0.0,1.0,1.0,1.0,0.25,0.9395983224792239,0.0,False,27.49555273189327,
fusion_cage_kelvin,kelvin,lhs_eb515f3e,lhs,,cached,0.0,reused existing output,2.2975,0.6658,1.1864,3367.3588,6000.0,14.917,17792.48,42.8098,0.0022605,0.6658,210.1,0.43877353333333335,14.917,530856.0053085601,12.740544127405443,42.8098,71.34966666666668,13.314708314451362,8.175698087821013,712.6999999999999,1.0,0.6658,17792.48,5.283808782123248,3367.3588,0.0022605,2.2975,0.5612264666666666,,,,,,,,,0.4839637248396372,0.19386766666666672,1.0,1.0,1.0,1.0,0.5708581158864159,0.5578713767007037,0.5479693566410615,True,9.740544127405443,
fusion_cage_kelvin,kelvin,lhs_41176075,lhs,,cached,0.0,reused existing output,3.6405,0.7684,0.611,2036.7162,6000.0,9.023,10434.975,63.6687,0.0049506,0.7684,135.2,0.6605473,9.023,242394.86122894194,5.8174766694946065,63.6687,106.1145,8.952593660621309,5.497206633714839,1415.8999999999999,1.0,0.7684,10434.975,5.123431040613316,2036.7162,0.0049506,3.6405,0.33945270000000005,,,,,,,,,0.9455015553670262,1.0,0.0,1.0,1.0,1.0,0.7828928434382195,0.3950891232692805,0.0,False,2.8174766694946065,
fusion_cage_kelvin,kelvin,lhs_339dfff3,lhs,,cached,0.0,reused existing output,1.5823,0.5414,0.9786,3779.2125,6000.0,16.742,30287.451,40.536,0.0019038,0.5414,252.4,0.37013125,16.742,630318.3107469272,15.12763945792625,40.536,67.56,14.061574896388395,8.63430037497533,407.98,1.0,0.5414,30287.451,8.014222804354082,3779.2125,0.0019038,1.5823,0.62986875,,,,,,,,,0.32482403613825,0.0,0.5399,1.0,1.0,1.0,0.5052043361473522,0.8343182885193547,0.0,False,12.12763945792625,
fusion_cage_kelvin,kelvin,lhs_7f7cc8d0,lhs,,cached,0.0,reused existing output,2.8247,0.8972,1.2609,3755.329,6000.0,16.636000000000003,16016.097,40.0052,0.0018744,0.8972,239.5,0.3741118333333333,16.636000000000003,640204.8655569783,15.364916773367481,40.0052,66.67533333333334,14.248147740793694,8.748862647855779,797.62,1.0,0.8972,16016.097,4.264898494912163,3755.329,0.0018744,2.8247,0.6258881666666667,,,,,,,,,0.30900554844216793,0.0,1.0,1.0,1.0,1.0,0.5090176515732923,0.5185695172120222,0.0,False,12.364916773367481,
fusion_cage_kelvin,kelvin,lhs_1835763f,lhs,,cached,0.0,reused existing output,3.7981,0.4637,1.0885,1586.5122,6000.0,7.0280000000000005,6267.536,49.5351,0.0045032,0.4637,69.0,0.7355813,7.0280000000000005,266477.1717889501,6.395452122934802,49.5351,82.5585,11.50699201172502,7.065696849304836,1815.1599999999999,1.0,0.4637,6267.536,3.9505123250864385,1586.5122,0.0045032,3.7981,0.2644187,,,,,,,,,0.9069698584710132,1.0,0.0,1.0,1.0,1.0,0.8546623177283192,0.3028859767599683,0.0,False,3.3954521229348016,
fusion_cage_kelvin,kelvin,infill1_547b85db,infill1,exploit,cached,0.0,reused existing output,2.0833,0.45,0.5,2018.028,6000.0,8.94,17372.322,73.0032,0.0053055,0.45,139.9,0.663662,8.94,226180.37885213457,5.4283290924512295,73.0032,121.67200000000003,7.807876914984547,4.794310386394021,799.9799999999999,1.0,0.45,17372.322,8.608563409427422,2018.028,0.0053055,2.0833,0.336338,5.4556801570175235,0.6577767631276585,799.9799999999999,7.8168026138629685,4.799791078687789,9.096314945169608,72.91984052266005,0.9744543519983315,0.9714447271699181,1.0,1.0,1.0,1.0,1.0,0.7858787413660783,0.5485755262680856,0.9748039223259524,True,2.4283290924512295,
fusion_cage_kelvin,kelvin,infill1_13132fc4,infill1,explore,cached,0.0,reused existing output,1.5081,0.3437,0.8639,2419.725,6000.0,10.719,22297.45,52.5754,0.0036565,0.3437,150.2,0.5967125,10.719,328182.6883631888,7.876384520716531,52.5754,87.62566666666667,10.8415722942669,6.65710579472529,561.16,1.0,0.3437,22297.45,9.214869458306213,2419.725,0.0036565,1.5081,0.4032875,7.515449830960689,0.609598192086134,561.16,10.49334413611393,6.4432814870875,10.377100455832048,54.32014738164224,0.8874486955871937,0.8082410319522313,0.9835625,1.0,1.0,1.0,0.2913333333333334,0.7218797966231774,0.6575422798453103,0.8765608677009596,True,4.876384520716531,
fusion_cage_kelvin,kelvin,infill1_32f8d08d,infill1,diversify,cached,0.0,reused existing output,2.2477,0.4413,0.8464,2042.6119,6000.0,9.049,13829.991,52.2745,0.0044463,0.4413,121.8,0.6595646833333333,9.049,269887.322043047,6.477295729033128,52.2745,87.12416666666667,10.903978039005633,6.695425111670126,907.3199999999999,1.0,0.4413,13829.991,6.770738484388541,2042.6119,0.0044463,2.2477,0.3404353166666667,6.762526051262082,0.6560569776354194,907.3199999999999,9.971763604597642,6.123012739665219,9.142116172752873,57.16140319824593,0.7956522733490428,0.9015136180644582,1.0,0.4634000000000003,1.0,1.0,0.9420000000000001,0.7819575019186492,0.4702026780566353,0.8003379582570075,True,3.477295729033128,
fusion_cage_kelvin,kelvin,infill2_13b7e2be,infill2,exploit,cached,0.0,reused existing output,1.5065,0.431,0.5922,2981.831,6000.0,13.209999999999999,29274.961,55.2002,0.0028664,0.431,206.3,0.5030281666666667,13.209999999999999,418643.5947530003,10.047446274072007,55.2002,92.00033333333334,10.326049543298755,6.340556737113271,472.8999999999999,1.0,0.431,29274.961,9.817780082103914,2981.831,0.0028664,1.5065,0.4969718333333333,7.818087443071901,0.5450905310599071,472.8999999999999,9.64563943064574,5.922761053905279,12.091526881457183,59.09406049214516,0.8314585555270714,0.6635035817285329,0.5151408333333336,0.8644999999999996,1.0,1.0,0.8733333333333333,0.632266884113584,0.8119172974528477,0.726307354462174,True,7.047446274072007,
fusion_cage_kelvin,kelvin,infill2_9b243a3d,infill2,explore,cached,0.0,reused existing output,1.5915,0.314,1.1597,2317.6269,6000.0,10.267,18155.076,44.356,0.0035079,0.314,124.2,0.61372885,10.267,342085.00812451896,8.210040194988457,44.356,73.92666666666666,12.850572639552711,7.890702497970962,640.8999999999997,1.0,0.314,18155.076,7.833476561736489,2317.6269,0.0035079,1.5915,0.38627115,8.482955248282902,0.6072847048992264,640.8999999999997,12.861650387279049,7.897504623767837,10.438257603381281,44.31779614875588,0.82580540436782,0.7859973203341029,1.0,1.0,1.0,1.0,0.09333333333333341,0.7381403491941673,0.5658936877919256,0.8314674774260675,True,5.210040194988457,
fusion_cage_kelvin,kelvin,verify_infill1_547b85db,verify,optimum,cached,0.0,same design as infill1_547b85db,2.0833,0.45,0.5,2018.028,6000.0,8.94,17372.322,73.0032,0.0053055,0.45,139.9,0.663662,8.94,226180.37885213457,5.4283290924512295,73.0032,121.67200000000003,7.807876914984547,4.794310386394021,799.9799999999999,1.0,0.45,17372.322,8.608563409427422,2018.028,0.0053055,2.0833,0.336338,5.42890844710044,0.6636610133087866,799.9799999999999,7.808193857728055,4.794505000359332,8.940026513050942,73.00023672386799,0.9747811659440089,0.9714447271699181,1.0,1.0,1.0,1.0,1.0,0.7858787413660783,0.5485755262680856,0.9748039223259524,True,2.4283290924512295,
fusion_cage_kelvin,kelvin,verify_7f96efc1,verify,alt1,cached,0.0,reused existing output,2.0897,0.4594,0.6543,2165.7381,6000.0,9.594,17270.376,63.0127,0.0044835,0.4594,142.4,0.6390436500000001,9.594,267648.04282368685,6.4235530277684845,63.0127,105.02116666666667,9.045795530107423,5.554435851820347,794.42,1.0,0.4594,17270.376,7.974360334705291,2165.7381,0.0044835,2.0897,0.3609563499999999,6.556212998244726,0.6303077752275758,794.42,9.361350763730663,5.748197837378477,9.826663044965999,60.888648912547,0.9510364118778143,0.9050964648154344,1.0,1.0,1.0,1.0,1.0,0.7623513046815042,0.5463200062775019,0.953675236302369,True,3.4235530277684845,
fusion_cage_kelvin,kelvin,verify_1b3b503a,verify,alt2,cached,0.0,reused existing output,1.8746,0.4004,0.6,2086.1442,6000.0,9.242,18748.282,66.0857,0.0048257,0.4004,139.4,0.6523093,9.242,248668.58694075473,5.968046086578115,66.0857,110.14283333333333,8.625163991604841,5.29615332817841,724.36,1.0,0.4004,18748.282,8.987049888497639,2086.1442,0.0048257,1.8746,0.3476907,6.223684061712026,0.6455456361119096,724.36,8.781268766640757,5.392007137410991,9.421580064599585,64.9108933056893,0.9444878748243586,0.9354635942281256,1.0,1.0,1.0,1.0,0.6693333333333331,0.7750143898695318,0.5790181653735298,0.9492351341280489,True,2.9680460865781146,
fusion_cage_octet,octet,prior_fusion_cage_octet_output,prior,,ok,0.0,imported,3.0,0.6,1.0,2243.1034,6000.0,9.937,10966.974,37.2659,0.0033878,0.6,128.2,0.6261494333333333,9.937,354212.1730916819,8.501092154200366,37.2659,62.109833333333334,15.295484611937455,9.391964235400192,1050.0000000000002,1.0,0.6,10966.974,4.889196815447741,2243.1034,0.0033878,3.0,0.3738505666666667,,,,,,,,,0.7665938563866422,1.0,0.0,1.0,1.0,1.0,0.7500119915579432,0.4068594171451615,0.0,False,5.501092154200366,
fusion_cage_octet,octet,screen_ff8427a1,screen,,cached,0.0,reused existing output,1.5,0.3,0.5,1835.0084,6000.0,8.129000000000001,21574.813,52.4102,0.0047646,0.3,126.5,0.6941652666666667,8.129000000000001,251857.44868404482,6.044578768417075,52.4102,87.35033333333334,10.875745560978588,6.678089379548256,525.0000000000001,1.0,0.3,21574.813,11.75733745959964,1835.0084,0.0047646,1.5,0.30583473333333333,,,,,,,,,0.9303614154388616,1.0,1.0,1.0,1.0,0.0,0.8150542018419032,0.6415541861541849,0.0,False,3.0445787684170753,
fusion_cage_octet,octet,screen_67b2dd89,screen,,cached,0.0,reused existing output,1.5,0.3,1.5,2623.3858,6000.0,11.622,17635.35,28.6403,0.0026037,0.3,127.8,0.5627690333333333,11.622,460882.5901601567,11.061182163843762,28.6403,47.73383333333333,19.902026165927033,12.220542382586775,525.0000000000001,1.0,0.3,17635.35,6.7223623761324,2623.3858,0.0026037,1.5,0.4372309666666667,,,,,,,,,0.5959211890770825,0.8138451666666665,1.0,1.0,1.0,0.0,0.6893946661550269,0.5543949297962599,0.0,False,8.061182163843762,
fusion_cage_octet,octet,screen_c3241ff0,screen,,failed,0.0,cached: ntopcl exit code 2; see ntopcl.log,1.5,0.9,0.5,,,,,,,,,,,,,,,,,,,,,,,,,,,,,,,,,,,,,,,,,,,False,,
fusion_cage_octet,octet,screen_bf965670,screen,,failed,0.0,cached: ntopcl exit code 2; see ntopcl.log,1.5,0.9,1.5,,,,,,,,,,,,,,,,,,,,,,,,,,,,,,,,,,,,,,,,,,,False,,
fusion_cage_octet,octet,screen_1ec857f9,screen,,cached,0.0,reused existing output,4.0,0.3,0.5,711.0421,6000.0,3.15,4864.728,122.4723,0.0089658,0.3,44.6,0.8814929833333334,3.15,133841.93267750787,3.2122063842601887,122.4723,204.1205,4.654113624060298,2.857789067405446,1900.0000000000002,1.0,0.3,4864.728,6.8416877144124095,711.0421,0.0089658,4.0,0.11850701666666663,,,,,,,,,1.0,0.12338011111111101,0.0,1.0,1.0,0.0,0.994172102839601,0.2718493349402715,0.0,False,0.21220638426018867,
fusion_cage_octet,octet,screen_1caa006a,screen,,cached,0.0,reused existing output,4.0,0.3,1.5,1697.9591,6000.0,7.522,4289.637,44.0445,0.0032891,0.3,45.0,0.7170068166666667,7.522,364841.4459882643,8.756194703718341,44.0445,73.4075,12.941456935599223,7.94650864466619,1900.0000000000002,1.0,0.3,4289.637,2.526348838437863,1697.9591,0.0032891,4.0,0.28299318333333334,,,,,,,,,0.7495870197521106,1.0,0.0,1.0,1.0,0.0,0.836890828856485,0.2591256454683472,0.0,False,5.756194703718341,
fusion_cage_octet,octet,screen_1dd3a361,screen,,cached,0.0,reused existing output,4.0,0.9,0.5,2150.9492,6000.0,9.529,10392.912,46.8982,0.0042635,0.9,149.6,0.6415084666666666,9.529,281458.89527383604,6.755013486572064,46.8982,78.16366666666667,12.15398458789463,7.462972992566878,1300.0000000000002,1.0,0.9,10392.912,4.8317793837251015,2150.9492,0.0042635,4.0,0.3584915333333334,,,,,,,,,0.8829991008951957,1.0,0.0,1.0,1.0,1.0,0.7646896584804297,0.3941584939423435,0.0,False,3.7550134865720644,
fusion_cage_octet,octet,screen_bf65566c,screen,,cached,0.0,reused existing output,4.0,0.9,1.5,2871.9435,6000.0,12.723,8677.311,27.2521,0.0024775,0.9,150.1,0.5213427500000001,12.723,484359.2330978809,11.624621594349142,27.2521,45.42016666666667,20.91581933135428,12.84304695784912,1300.0000000000002,1.0,0.9,8677.311,3.0214072804705245,2871.9435,0.0024775,4.0,0.4786572499999999,,,,,,,,,0.5583585603767239,0.6067137500000004,0.0,1.0,1.0,1.0,0.6497865502686109,0.35620141518137716,0.0,False,8.624621594349142,
fusion_cage_octet,octet,screen_ad275d17,screen,,cached,0.0,reused existing output,2.75,0.6,1.0,2413.7124,6000.0,10.693,12410.882,35.4327,0.0032212,0.6,141.9,0.5977146,10.693,372531.97566124424,8.94076741586986,35.4327,59.0545,16.086835042206776,9.877881166267318,912.5000000000002,1.0,0.6,12410.882,5.141823027465907,2413.7124,0.0032212,2.75,0.4022854,,,,,,,,,0.7372821722753427,0.988573,0.4374999999999989,1.0,1.0,1.0,0.7228151381427474,0.43880538224986193,0.741708404204659,True,5.9407674158698605,
fusion_cage_octet,octet,rsm_973dea26,rsm,,cached,0.0,reused existing output,1.5,0.6,1.0,4711.3789,6000.0,20.871000000000002,37389.438,20.4313,0.0018574,0.6,326.5,0.21477018333333342,20.871000000000002,646064.3910843114,15.505545386023474,20.4313,34.052166666666665,27.89837161609883,17.130579062516823,225.00000000000009,1.0,0.6,37389.438,7.935986214142107,4711.3789,0.0018574,1.5,0.7852298166666666,,,,,,,,,0.29963030759843506,0.0,0.0,1.0,1.0,1.0,0.35666490790483485,0.9914472945751676,0.0,False,12.505545386023474,
fusion_cage_octet,octet,rsm_a74eb263,rsm,,cached,0.0,reused existing output,4.0,0.6,1.0,1727.4155,6000.0,7.652,6879.691,44.1733,0.0040158,0.6,86.8,0.7120974166666667,7.652,298819.66233378154,7.171671896010756,44.1733,73.62216666666666,12.903722384336241,7.923338306171376,1600.0,1.0,0.6,6879.691,3.9826498025518466,1727.4155,0.0040158,4.0,0.2879025833333333,,,,,,,,,0.8552218735992828,1.0,0.0,1.0,1.0,1.0,0.8322141212586338,0.3164296944128021,0.0,False,4.171671896010756,
fusion_cage_octet,octet,rsm_b8b943bc,rsm,,cached,0.0,reused existing output,2.75,0.3,1.0,1400.4292,6000.0,6.204000000000001,7239.141,51.6365,0.0044698,0.3,60.6,0.7665951333333333,6.204000000000001,268468.38784733095,6.443241308335943,51.6365,86.06083333333333,11.038703242861153,6.778151114037551,1212.5000000000002,1.0,0.3,7239.141,5.169230261694057,1400.4292,0.0044698,2.75,0.2334048666666667,,,,,,,,,0.9037839127776038,0.889365777777778,0.0,1.0,1.0,0.0,0.8843054489639293,0.32438240134211105,0.0,False,3.443241308335943,
fusion_cage_octet,octet,rsm_8f532dab,rsm,,cached,0.0,reused existing output,2.75,0.9,1.0,3636.2433,6000.0,16.108999999999998,18054.606,25.9713,0.002361,0.9,240.1,0.39395945,16.108999999999998,508259.2121982211,12.198221092757306,25.9713,43.2855,21.94730336948863,13.476414349686,612.5000000000001,1.0,0.9,18054.606,4.965180960250927,3636.2433,0.002361,2.75,0.60604055,,,,,,,,,0.5201185938161796,0.0,1.0,1.0,1.0,1.0,0.5279763046815042,0.5636708237908471,0.0,False,9.198221092757306,
fusion_cage_octet,octet,rsm_25c19597,rsm,,cached,0.0,reused existing output,2.75,0.6,0.5,2044.9183,6000.0,9.059,13406.715,48.0626,0.0043693,0.6,141.8,0.6591802833333333,9.059,274643.5355777814,6.591444853866753,48.0626,80.10433333333334,11.859533192128598,7.282169503938613,912.5000000000002,1.0,0.6,13406.715,6.556112779664596,2044.9183,0.0043693,2.75,0.34081971666666666,,,,,,,,,0.893903676408883,1.0,0.4374999999999989,1.0,1.0,1.0,0.781597755180353,0.46083784295242003,0.7898288960054641,True,3.5914448538667534,
fusion_cage_octet,octet,rsm_4fe9a9c9,rsm,,cached,0.0,reused existing output,2.75,0.6,1.5,2768.2716,6000.0,12.263,11272.749,27.9083,0.0025371,0.6,140.8,0.5386214,12.263,472980.9625162587,11.35154310039021,27.9083,46.51383333333333,20.424031560503508,12.541072010835485,912.5000000000002,1.0,0.6,11272.749,4.072125365155644,2768.2716,0.0025371,2.75,0.46137859999999997,,,,,,,,,0.5765637933073193,0.6931070000000001,0.4374999999999989,1.0,1.0,1.0,0.6663349002302379,0.4136245832637021,0.6354061636205359,True,8.35154310039021,
fusion_cage_octet,octet,lhs_b278f4d7,lhs,,cached,0.0,reused existing output,2.5164,0.5876,0.5016,2225.1104,6000.0,9.857,15467.606,45.983,0.0041803,0.5876,154.9,0.6291482666666667,9.857,287060.73726766027,6.889457694423847,45.983,76.63833333333334,12.39588543592197,7.6115086010047195,796.4200000000001,1.0,0.5876,15467.606,6.951388119888343,2225.1104,0.0041803,2.5164,0.3708517333333333,,,,,,,,,0.8740361537050769,1.0,1.0,1.0,1.0,1.0,0.7528899654643131,0.5064343435401246,0.942071601559433,True,3.8894576944238466,
fusion_cage_octet,octet,lhs_e2e4701d,lhs,,cached,0.0,reused existing output,2.1971,0.5311,0.968,2687.76,6000.0,11.907,17032.456,32.9507,0.0029955,0.5311,165.7,0.55204,11.907,400600.9013520281,9.614421632448673,32.9507,54.91783333333333,17.298570288339857,10.621929124419209,677.305,1.0,0.5311,17032.456,6.3370449742536525,2687.76,0.0029955,2.1971,0.44796,,,,,,,,,0.6923718911700885,0.7602,1.0,1.0,1.0,1.0,0.679141884113584,0.5410561085653829,0.8264374998325194,True,6.614421632448673,
fusion_cage_octet,octet,lhs_5978fd98,lhs,,cached,0.0,reused existing output,3.723,0.4617,1.0112,1520.4571,6000.0,6.736,6576.254,47.0623,0.0042784,0.4617,69.4,0.7465904833333333,6.736,280478.6836200449,6.731488406881077,47.0623,78.43716666666667,12.111605255161775,7.436950595274774,1585.95,1.0,0.4617,6576.254,4.325182210007767,1520.4571,0.0042784,3.723,0.25340951666666667,,,,,,,,,0.8845674395412615,1.0,0.0,1.0,1.0,1.0,0.8651669224865695,0.3097162557356322,0.0,False,3.731488406881077,
fusion_cage_octet,octet,lhs_fbb7ea15,lhs,,cached,0.0,reused existing output,2.7978,0.8736,0.8927,3465.4128,6000.0,15.351999999999999,17198.904,27.437,0.0024943,0.8736,230.8,0.4224312,15.351999999999999,481096.9009341298,11.546325622419115,27.437,45.72833333333333,20.774866056784635,12.756496701534424,665.19,1.0,0.8736,17198.904,4.963017392906265,3465.4128,0.0024943,2.7978,0.5775688,,,,,,,,,0.5635782918387257,0.11215599999999995,1.0,1.0,1.0,1.0,0.5552091327705295,0.5447387129970691,0.5079958055473643,True,8.546325622419115,
fusion_cage_octet,octet,lhs_45032f84,lhs,,cached,0.0,reused existing output,1.8868,0.8053,1.3513,5250.7115,6000.0,23.261,30287.074,17.6805,0.0016073,0.8053,365.2,0.12488141666666663,23.261,746593.6663970634,17.91824799352952,17.6805,29.4675,32.23890727072198,19.795820253952094,232.44000000000008,1.0,0.8053,30287.074,5.768184749819143,5250.7115,0.0016073,1.8868,0.8751185833333334,,,,,,,,,0.13878346709803205,0.0,0.0,1.0,1.0,1.0,0.2706854374520338,0.8343099475247453,0.0,False,14.91824799352952,
fusion_cage_octet,octet,lhs_b202f787,lhs,,cached,0.0,reused existing output,1.7126,0.3797,0.7711,2277.2256,6000.0,10.088,20399.452,39.7474,0.0036134,0.3797,144.4,0.6204624,10.088,332097.19377871254,7.970332650689101,39.7474,66.24566666666666,14.340560640444407,8.805607410799198,562.23,1.0,0.3797,20399.452,8.958028576527507,2277.2256,0.0036134,1.7126,0.37953760000000003,,,,,,,,,0.8019778232873932,1.0,1.0,1.0,1.0,0.5313333333333332,0.74457981580967,0.6155497305438373,0.8984354470251011,True,4.970332650689101,
fusion_cage_octet,octet,lhs_3676bd3a,lhs,,cached,0.0,reused existing output,2.3958,0.6832,1.1479,3260.5522,6000.0,14.444,17364.828,27.2065,0.0024733,0.6832,203.1,0.45657463333333337,14.444,485181.74099381396,11.644361783851535,27.2065,45.344166666666666,20.95087570984875,12.864572804293093,634.49,1.0,0.6832,17364.828,5.325732248666346,3260.5522,0.0024733,2.3958,0.5434253666666666,,,,,,,,,0.557042547743231,0.2828731666666668,1.0,1.0,1.0,1.0,0.587874136607828,0.5484097241099879,0.621275869817918,True,8.644361783851535,
fusion_cage_octet,octet,lhs_e6697f3d,lhs,,cached,0.0,reused existing output,3.0609,0.3255,1.2672,1635.9629,6000.0,7.247,6470.443,41.6261,0.003681,0.3255,59.2,0.7273395166666667,7.247,325998.37000815,7.8239608801956,41.6261,69.37683333333334,13.693331827867611,8.408186210094147,1357.9950000000003,1.0,0.3255,6470.443,3.9551282000343653,1635.9629,0.003681,3.0609,0.27266048333333326,,,,,,,,,0.8117359413202934,1.0,0.0,1.0,1.0,0.17000000000000012,0.8467838641596316,0.3073752239568115,0.0,False,4.8239608801956,
fusion_cage_octet,octet,lhs_73975eab,lhs,,cached,0.0,reused existing output,3.8293,0.7702,0.6791,1972.2573,6000.0,8.737,9376.866,45.7566,0.0041597,0.7702,126.4,0.67129045,8.737,288482.3424766209,6.9235762194389014,45.7566,76.261,12.45721928639803,7.649169737261947,1335.915,1.0,0.7702,9376.866,4.754382706556594,1972.2573,0.0041597,3.8293,0.32870955,,,,,,,,,0.8717615853707399,1.0,0.0,1.0,1.0,1.0,0.7931816001534919,0.37167882760572746,0.0,False,3.9235762194389014,
fusion_cage_octet,octet,lhs_95587103,lhs,,cached,0.0,reused existing output,3.29,0.6275,1.4467,2469.7245,6000.0,10.940999999999999,8944.953,30.1181,0.002738,0.6275,117.9,0.58837925,10.940999999999999,438276.1139517896,10.51862673484295,30.1181,50.19683333333333,18.925496628273365,11.62091898227312,1182.0000000000002,1.0,0.6275,8944.953,3.6218424362717383,2469.7245,0.002738,3.29,0.41162075,,,,,,,,,0.63209155101047,0.9418962500000002,0.0,1.0,1.0,1.0,0.7138934190330007,0.36212290186373663,0.0,False,7.51862673484295,
fusion_cage_octet,octet,infill1_9ad13048,infill1,exploit,cached,0.0,reused existing output,2.2727,0.45,0.5,1808.1567,6000.0,8.01,14775.326,52.9047,0.0048095,0.45,124.6,0.69864055,8.01,249506.18567418648,5.988148456180475,52.9047,88.1745,10.774090014686786,6.615669307263816,799.9850000000001,1.0,0.45,14775.326,8.17148535854221,1808.1567,0.0048095,2.2727,0.30135945,5.955403619334537,0.7044724112772842,799.9850000000001,10.62543429003661,6.5243894763382695,7.85497572102722,53.644866124153125,0.963322200255713,0.934123436254635,1.0,1.0,1.0,1.0,1.0,0.8193351880276285,0.4911178879746162,0.962086737028465,True,2.9881484561804754,
fusion_cage_octet,octet,infill1_b3c2d15d,infill1,explore,cached,0.0,reused existing output,1.5584,0.5308,0.5024,3555.2219,6000.0,15.75,34624.262,29.4669,0.0026788,0.5308,251.8,0.4074630166666666,15.75,447961.7739286248,10.751082574286995,29.4669,49.1115,19.343738228317196,11.877733999843892,326.32000000000005,1.0,0.5308,34624.262,9.738987600183268,3555.2219,0.0026788,1.5584,0.5925369833333334,9.704663060828185,0.434726140462524,326.32000000000005,16.264869176466718,9.987200371514652,15.024650185819006,35.04485611385799,0.3828612393290454,0.6165944950475336,0.037315083333333006,0.13160000000000024,1.0,1.0,1.0,0.5408912125863392,0.9302687319490479,0.26490193278903423,True,7.751082574286995,
fusion_cage_octet,octet,infill1_f15731e7,infill1,diversify,cached,0.0,reused existing output,2.186,0.4441,1.3182,2516.2401,6000.0,11.147,13519.44,30.9944,0.0028177,0.4441,130.7,0.58062665,11.147,425879.26322887465,10.221102317492992,30.9944,51.65733333333333,18.390418914384536,11.292362491288749,758.2000000000002,1.0,0.4441,13519.44,5.372873598191206,2516.2401,0.0028177,2.186,0.41937335,10.345526778938039,0.5718602864137792,758.2000000000002,18.66784079062798,11.462709257403146,11.379964475514948,30.533793725419134,0.8278721020353043,0.6519265121671338,0.9031332500000002,1.0,1.0,1.0,0.9606666666666666,0.7064826362240981,0.4633318445899394,0.8397070077593948,True,7.221102317492992,
fusion_cage_octet,octet,infill2_1bda0372,infill2,exploit,cached,0.0,reused existing output,2.9823,0.8667,0.5023,3040.2218,6000.0,13.468,16255.328,34.3924,0.0031266,0.8667,214.3,0.49329636666666665,13.468,383803.49261178274,9.211283822682786,34.3924,57.32066666666667,16.57342901338668,10.176666938044452,773.565,1.0,0.8667,16255.328,5.346757266196828,3040.2218,0.0031266,2.9823,0.5067036333333333,8.928083707443617,0.5082095935387432,773.565,16.518663991397496,10.143039292963374,13.072069781773568,34.506422571270996,0.7814607826906742,0.719247745154481,0.46648183333333326,1.0,1.0,1.0,1.0,0.622985418265541,0.523862420345714,0.7489987570633341,True,6.211283822682786,
fusion_cage_octet,octet,infill2_605cf4ce,infill2,explore,cached,0.0,reused existing output,1.6595,0.3474,1.1259,2395.3489,6000.0,10.611,18412.08,34.1734,0.0031067,0.3474,132.8,0.6007751833333334,10.611,386261.9499790775,9.270286799497859,34.1734,56.955666666666666,16.679639719782053,10.241884038462663,565.325,1.0,0.3474,18412.08,7.6865963033610685,2395.3489,0.0031067,1.6595,0.39922481666666665,9.65867653148068,0.5746682708569828,565.325,17.038368695237665,10.462156216374005,11.30537996138089,33.45390689657506,0.8144214078831531,0.7153142133668094,1.0,1.0,1.0,1.0,0.31599999999999995,0.7257650613967767,0.5715798124035827,0.8485823578185655,True,6.270286799497859,
fusion_cage_octet,octet,verify_infill1_9ad13048,verify,optimum,cached,0.0,same design as infill1_9ad13048,2.2727,0.45,0.5,1808.1567,6000.0,8.01,14775.326,52.9047,0.0048095,0.45,124.6,0.69864055,8.01,249506.18567418648,5.988148456180475,52.9047,88.1745,10.774090014686786,6.615669307263816,799.9850000000001,1.0,0.45,14775.326,8.17148535854221,1808.1567,0.0048095,2.2727,0.30135945,6.058160977081888,0.698274465505402,799.9850000000001,10.774084664893943,6.615666022303299,8.019790003837722,52.90472626944137,0.9606359914286129,0.934123436254635,1.0,1.0,1.0,1.0,1.0,0.8193351880276285,0.4911178879746162,0.962086737028465,True,2.9881484561804754,
fusion_cage_octet,octet,verify_e9b7c750,verify,alt1,cached,0.0,reused existing output,2.0633,0.3776,0.5002,1629.5504,6000.0,7.218999999999999,15210.979,57.4951,0.0052268,0.3776,111.6,0.7284082666666667,7.218999999999999,229585.97994949107,5.510063518787785,57.4951,95.82516666666666,9.913888313960669,6.087475280502164,757.2150000000001,1.0,0.3776,15210.979,9.334463665560758,1629.5504,0.0052268,2.0633,0.2715917333333333,5.719517453364372,0.7266284332795063,757.2150000000001,10.213795905814692,6.271629064973934,7.266180243972376,55.806871926577294,0.9437572806701332,0.9659957654141477,1.0,1.0,1.0,1.0,0.5173333333333333,0.8477911550268611,0.500756559923077,0.9475490397765697,True,2.510063518787785,
fusion_cage_octet,octet,verify_e6aa3f82,verify,alt2,cached,0.0,reused existing output,2.1455,0.4583,0.6316,2120.2153,6000.0,9.393,16413.073,44.5859,0.0040533,0.4583,140.2,0.6466307833333333,9.393,296055.06624232105,7.105321589815705,44.5859,74.30983333333333,12.784310735008154,7.850015363601497,721.7250000000001,1.0,0.4583,16413.073,7.741229393071544,2120.2153,0.0040533,2.1455,0.35336921666666665,7.1292363932262415,0.6450782484996045,721.7250000000001,12.784845122990271,7.8503434965729735,9.433738996280999,44.58403637405047,0.9382744467948956,0.8596452273456197,1.0,1.0,1.0,1.0,1.0,0.7695822141212586,0.5273524739124515,0.9385618494964567,True,4.105321589815705,
